product_id,product_name
970058039,Angry Orchard Crisp Apple Can - 24 FZ
24799104,"Angry Orchard Crisp Apple Craft Hard Cider, 6 pack, 12 fl oz Glass Bottles, 5% ABV"
b396101e-ceb3-5962-a8d2-e7ef6c29776c,Angry Orchard Crisp Apple Hard Cider (12 x 12 fl oz)
0008769282102,Angry Orchard Crisp Apple Hard Cider Beer
0008769200540,Angry Orchard Crisp Apple Hard Cider Beer
0008769200033,Angry Orchard Crisp Apple Hard Cider Beer
33662,Angry Orchard Crisp Apple Hard Cider Beer 12 fl oz
16315472,Angry Orchard Crisp Apple Hard Cider Beer 12 fl oz
23569837,"Angry Orchard Crisp Apple Hard Cider, 12 pack, 12 fl oz Glass Bottles, 5% ABV"
118160901-3,Angry Orchard Crisp Apple Hard Cider-1/2 Keg
118160903-3,Angry Orchard Crisp Apple Hard Cider-1/6 Keg
118160127-2,Angry Orchard Crisp Apple Hard Cider-12pk-12oz Btls
118159127-2,Angry Orchard Crisp Apple Hard Cider-12pk-12oz Cans
118161230-1,Angry Orchard Crisp Apple Hard Cider-24oz Can
118160126-2,Angry Orchard Crisp Apple Hard Cider-6pk-12oz Btls
118159121-2,Angry Orchard Crisp Apple Hard Cider-6pk-12oz Cans
0008769201791,Angry Orchard Crisp Imperial Hard Cider Beer
24c3554e-1bac-5509-bcd0-9327cd5abdf4,Angry Orchard Crisp Imperial Hard Cider Beer (6 x 12 fl oz)
33268289,Angry Orchard Crisp Imperial Hard Cider Beer 12 fl oz
0008769201789,Angry Orchard Crisp Light Apple Hard Cider Beer
40924473,Angry Orchard Crisp Light Apple Hard Cider Beer 12 fl oz
970746440,Angry Orchard Crisp Light In Cans - 6-12 Fl. Oz.
2126244280-2,Angry Orchard Crisp Light-6pk-12oz Cans
139340127-2,Angry Orchard Fall/Winter Mixed Pack-12pk-12oz Btls
2126239135-2,Angry Orchard Forbidden Fruit Apple Ginger Mule-4pk-12oz Cans
2126239133-2,Angry Orchard Forbidden Fruit Orchard Sangria-4pk-12oz Cans
134972126-2,Angry Orchard Green Apple Hard Cider-6pk-12oz Btls
960076797,Angry Orchard Hard Cider Crisp Apple Bottles - 12-12 Fl. Oz.
960064413,Angry Orchard Hard Cider Crisp Apple Bottles - 6-12 Fl. Oz.
960090530,Angry Orchard Hard Cider Crisp Apple Cans - 12-12 Fl. Oz.
970567203,Angry Orchard Hard Cider Crisp Imperial 6pk In Cans - 6-12 FZ
227038122-2,Angry Orchard Hard Cider Fall Variety Pack-12pk-12oz Cans
504707764,"Angry Orchard Hard Cider Seasonal Variety Pack, 12 Pack, 5% ABV, 12 fl oz Aluminum Cans"
0008769200821,Angry Orchard Hard Cider Summer Party Pack Variety Beer
19629954,Angry Orchard Hard Cider Summer Party Pack Variety Beer 12 fl oz
2126259364-2,Angry Orchard Hard Cider Winter Party Variety Pack-12pk-12oz Cans
3bff9d64-5db7-54f3-a1a1-1eb6411b5f8b,"Angry Orchard Hard Cider, Crisp Apple (6 x 12 fl oz)"
2126238739-2,Angry Orchard Imperial-6pk-12oz Btls
2126227424-2,Angry Orchard Imperial-6pk-12oz Cans
960485987,Angry Orchard Party Pack Seasonal Variety Hard Cider Cans - 12-12 Fl. Oz.
238148126-2,Angry Orchard Peach Mango Hard Cider-6pk-12oz Cans
190546126-2,Angry Orchard Rose-6pk-12oz Btls
124923127-2,Angry Orchard Spring/Summer Mixed Pack-12pk-12oz Btls
341513121-2,Angry Orchard Tropical Fruit Cider-6pk-12oz Cans
2140897,BeatBox Blue Razzberry Punch 500 mL
75398630,BeatBox® Blue Razzberry 500 ml
P1820061218,Busch 18 pack 12 oz cans
2126279896-2,Corona Sunbrew-12pk-12oz Cans
16998544860,Cutwater Cocktails Gluten Free Vodka Transfusion Cans
2126212575-2,Devils Backbone Orange Smash 7.5-4pk-12oz Cans
2126243807-2,Devils Backbone Orange Smash 7.5-8pk-12oz Cans
2126263438-2,Devils Backbone Peach Smash-4pk-12oz Cans
P81062803242,Golden Road Mango Cart Series 12 pack 12 oz cans
P73692021479,Goose Island Bourbon County Stout 2025 Reserve Parker's Heritage 500ml bottle
0007289000305,Heineken® 0.0% Alcohol Free Cold Pressed Lime Flavored Brew
P79603061496,"Kona Big Wave Golden Ale, 12 oz, 12 pk"
42231666608,Kona Big Wave Liquid Aloha Premium Golden Ale Cans
15307857606,Lemon Lime Beats 6-pack (Non-Alcoholic Beer)
113055,Miller 64 Beer 12 pk Bottles 12 oz
c3286b6a-9fa2-5e89-8ef9-b7dcd79f379f,Modelo Chelada MangoyChile Flavored Beer 24oz Can
2126274539-2,On The Rocks Sparkling Peach Cosmopolitan Canned Cocktail-4pk-12oz Cans
2126274533-2,On The Rocks Tropical Cocktail Collection Variety Pack-8pk-12oz Cans
166254,Rolling Rock Premium Extra Pale Beer 12 pk Bottles 12 oz
P7143934030,"Rolling Rock, 12 oz, 30 pk"
0001820024001,Stella Artois Cidre European Style Hard Cider 6 pk / 12 fl oz
960136091,Stella Artois Cidre European Style Hard Cider In Bottles - 6-12 Fl. Oz.
132350903-3,Stella Artois Cidre Hard Cider-1/6 Keg
132350127-2,Stella Artois Cidre Hard Cider-12pk-12oz Btls
132350126-2,Stella Artois Cidre Hard Cider-6pk-12oz Btls
60226901-3,Strongbow Cider-1/2 Keg
135861126-2,Strongbow Gold Hard Cider-6pk-12oz Btls
208967161-2,Strongbow Original Dry Hard Cider-4pk-16oz Cans
P81007878221,Topo Chico Hard Margarita Variety 12pk 12oz can
19998259684,Topo Chico Sabores Lime with Mint Extract 12oz 8pk
20088354266,"Topo Chico Sabores Lime with Mint Extract 12oz, 8pk"
P2113618177,"Topo Chico Sabores Passionfruit Cans, 12 fl oz, 8 Pack"
971319458,Topo Chico Sabores Raspberry Lemon - 12 Oz
41099348923,Topo Chico Sabores Tangerine with Ginger Extract Flavored Sparkling Water Cans
70120623,Topo Chico® Sabores Passionfruit Sparkling Water Cans 12 oz
29167311,White Claw Blackberry Hard Seltzer
42018680303,White Claw Gluten Free Cranberry Surge Hard Seltzer Can (19.2 fl oz)
2126276170-2,White Claw Pineapple 6 Pack Can-6pk-12oz Cans
98169179,White Claw Surge Hard Seltzer Grape 19.2 fl oz
a3a17a42-167c-5521-81e0-3d8d69e7629b,"White Claw The Iconic Hard Seltzer Multi pack, Blackberry (6 x 12 fl oz)"
149073123-3,Wicked Weed Pernicious IPA-24-12oz Cans
4310502215,152 Budweiser Bottle
4310502145,152 Budweiser Bottle
4310502201,152 Budweiser Bottle
4310502195,152 Budweiser Bottle
4652461880,152 Budweiser Chelada Bottle
4310502226,152 Budweiser Chelada Bottle
343454161-2,Alvarium Hurricane-4pk-16oz Cans
2126263396-1,Beats Senses Mixed Berry-7.5oz Can
25294299,"Beck's Beer 4 Pack, 16 fl oz 1 Cans, 5% ABV"
167816297,"Beck's Beer “Made in the USA with heavy gauge steel"""
189010510,Beck's German Beer Bottles - 6-12 Fl. Oz.
21881880,"Beck's German Beer, 6 Pack Beer, 12 fl oz Glass Bottles, 4.8% ABV"
704654861,Beck's Imports Pilsner Bottles
P8248812700,"Beck's Non Alcoholic Beer, 12 oz, 6 pk"
d3236ba3-da79-567f-bd4d-df43786de36d,"Beck's Non-Alcoholic Beer (6ct, 12 oz)"
970119566,Beck's Pilsner Beer Bottle - 12 Fl. Oz.
189010772,Beck's Pilsner Beer Bottles - 12-12 Fl. Oz.
23623576,"Beck's Pilsner Beer, 12 pack 12 fl. oz. Glass Bottles, 5.0% ABV, 4.8% ABV"
d7286a7e-7e3f-58e4-8576-a87be62716cb,Beck's Pure Malt Beer (12 x 12 fl oz)
8103ea24-7b1e-5bec-bcd4-5ed81aae3f28,Beck's Pure Malt Beer (12 x 12 fl oz)
80127-2,Beck's-12pk-12oz Btls
80161-2,Beck's-4pk-16oz Cans
80126-2,Beck's-6pk-12oz Btls
233443608-2,Bitburger/Sierra Nevada Triple Hop'd Lager-6pk-11oz Cans
960507106,Bud Ice Beer Bottle - 18 Fl. Oz.
19500035,"Bud Ice Beer, 6 Pack, 16 fl. oz. Can, 5.5% ABV"
15716418,"Bud Ice Cerveza Pack de 12 12 fl. Onz. Botellas, 5.5% Vol."
6795d9f5-1fce-5447-b452-c4f932ce4e1c,Bud Ice Lager Beer (6 x 16 fl oz)
4310502196,Bud Ice Light Lager Cans
d70ccad5-ba18-55f6-b2a4-eb22745dc328,Bud Ice Premium American Lager Beer (25 fl oz)
1898251,"Bud Ice Premium Lager Beer, 3 pack 25 oz"
1059653,"Bud Ice Premium Lager Beer, 30 pack 12 oz"
741032,"Bud Ice Premium Lager Beer, 6 pack 16 oz"
4310502223,Bud Ice Premium Lager Bottle
4310502212,Bud Ice Sub Premium American Lager Can
30953732787,Bud Ice Sub Premium American Lager Can
34640173,Bud Ice® Lager Single Can 25 fl oz
970492801,Bud Light 3.2% ABV Beer Keg - 15.5 Gallon
960507124,Bud Light 4.2% ABV Beer In Cans - 24-10 Fl. Oz.
960088233,Bud Light 4.2% ABV Lime In Can - 25 Fl. Oz.
4330097097,Bud Light 6 Pack Bottle (12 oz)
960282207,Bud Light 6% ABV Platinum Beer In Aluminum Bottles - 8-16 Fl. Oz.
0001820000833,Bud Light American Lager Beer
34a46073-0c25-5ac6-b0e2-e021393ec580,Bud Light American Lager Beer (8 x 16 fl oz)
45114,Bud Light American Lager Beer 12 fl oz
31088-2,Bud Light American Lager Beer 7.5oz-12-7.5oz cans
31084-3,Bud Light American Lager Beer 7.5oz-24-7.5cans
189010657,Bud Light American Lager Beer Bottles - 18 - 12 Fl. Oz.
960063657,Bud Light American Lager Beer in Aluminum Bottles - 15 - 16 Fl. Oz.
970119539,Bud Light American Lager Beer in Bottle - 12 Fl. Oz.
189013284,Bud Light American Lager Beer in Bottle - 20 - 12 Fl. Oz.
189012867,Bud Light American Lager Beer in Bottles - 12 - 12 Fl. Oz.
960143210,Bud Light American Lager Beer in Bottles - 12 - 16 Fl. Oz.
960143608,Bud Light American Lager Beer in Bottles - 20 - 16 Fl. Oz.
189010147,Bud Light American Lager Beer in Bottles - 24 - 12 Fl. Oz.
189010385,Bud Light American Lager Beer in Bottles - 6 - 12 Fl. Oz.
960088366,Bud Light American Lager Beer in Can - 25 Fl. Oz.
189010281,Bud Light American Lager Beer in Cans - 12 - 12 Fl. Oz.
960464919,Bud Light American Lager Beer in Cans - 12 - 16 Fl. Oz.
960144551,Bud Light American Lager Beer in Cans - 15 - 16 Fl. Oz.
189010175,Bud Light American Lager Beer in Cans - 18 - 12 Fl. Oz.
960173968,Bud Light American Lager Beer in Cans - 24 - 16 Fl. Oz.
960088277,Bud Light American Lager Beer in Cans - 3 - 25 Fl. Oz.
189011044,Bud Light American Lager Beer in Cans - 30 - 12 Fl. Oz.
189010595,Bud Light American Lager Beer in Cans - 6 - 16 Fl. Oz.
960044393,Bud Light American Lager Beer in Cans - 8 - 16 Fl. Oz.
189011596,Bud Light American Lager Beer in Cans 24 - 12 Fl. Oz.
31901-3,Bud Light American Lager Beer-1/2 Keg
31195-2,Bud Light American Lager Beer-12-16ozAlmBtl
31151-3,Bud Light American Lager Beer-15-16oz AlmBtls
31158-3,Bud Light American Lager Beer-18-16oz Cans
31198-3,Bud Light American Lager Beer-20-16ozAlmBtl
31110-3,Bud Light American Lager Beer-24-10oz Can
31264-3,Bud Light American Lager Beer-24-16oz AlmBtls
311171-3,Bud Light American Lager Beer-24-16oz Cans
31224-1,Bud Light American Lager Beer-25oz Can
31164-2,Bud Light American Lager Beer-6pk-16oz Cans
31076-2,Bud Light American Lager Beer-6pk-7oz Btls
31861-2,Bud Light American Lager Beer-8pk-16oz AlmBtls
0001820096538,Bud Light American Light Lager Beer
0001820053218,Bud Light American Light Lager Beer
0001820028140,Bud Light American Light Lager Beer
0001820000795,Bud Light American Light Lager Beer
0001820053308,Bud Light American Light Lager Beer
0001820000769,Bud Light American Light Lager Beer
0001820025001,Bud Light American Light Lager Beer
0001820053349,Bud Light American Light Lager Beer
0001820053047,Bud Light American Light Lager Beer
0001820008989,Bud Light American Light Lager Beer
0001820053168,Bud Light American Light Lager Beer
361,Bud Light American Light Lager Beer 12 fl oz
100312,Bud Light American Light Lager Beer 12 fl oz
45063,Bud Light American Light Lager Beer 12 fl oz
95167,Bud Light American Light Lager Beer 12 fl oz
210490,Bud Light American Light Lager Beer 16 fl oz
189010721,Bud Light Beer 4.2% ABV In Bottle - 40 Fl. Oz.
960507105,Bud Light Beer Bottle - 18 Fl. Oz.
189010336,Bud Light Beer Bottles - 6-7 Fl. Oz.
960090199,Bud Light Beer Bottles - 8-16 Fl. Oz.
189010165,Bud Light Beer Bottles Wide Mouth - 4-16 Fl. Oz.
16547972,Bud Light Beer Cans
960173936,Bud Light Beer In Bottle - 32 Fl. Oz.
960063905,Bud Light Beer In Cans - 12-8 Fl. Oz.
960056884,Bud Light Beer In Cans - 20-12 Fl. Oz.
960126186,Bud Light Extra Lime Chelada - 25 Fl. Oz.
970027003,Bud Light Fuego Beer - 25 Fl. Oz.
237545198-3,Bud Light LSU Alum Bottle-20-16ozAlmBtl
0001820053030,Bud Light Lager Beer 30 cans / 12 fl oz
4330097082,Bud Light Lager Can (12 oz x 12 ct)
4330097100,Bud Light Lager Can (25 oz x 3 ct)
4330077058,Bud Light Lager Cans (12 oz x 18 ct)
960545499,Bud Light Lemonade Cans - 12-12 Fl. Oz.
595662583,Bud Light Lemonade Lemonade Domestic Beer 12 Pack 12 fl oz Aluminum Cans 4.2% ABV
233512740-1,Bud Light Lemonade-25oz Can
970461309,Bud Light Lime American Lager Beer in Bottle - 12 Fl. Oz.
960013721,Bud Light Lime American Lager Beer in Bottles - 12 - 12 Fl. Oz.
960013370,Bud Light Lime American Lager Beer in Bottles - 30 - 12 Fl. Oz.
960024012,Bud Light Lime American Lager Beer in Cans - 12 - 12 Fl. Oz.
960037489,Bud Light Lime American Lager Beer in Cans - 18 - 12 Fl. Oz.
960282206,Bud Light Lime Beer 4.2% ABV In Aluminum Bottles - 8-16 Fl. Oz.
960037845,Bud Light Lime Beer In Bottles - 18-12 Fl. Oz.
960224037,Bud Light Lime Beer In Cans - 24-12 Fl. Oz.
0001820025533,Bud Light Lime Mang-O-Rita Sparkling Margarita 25 fl oz
970567177,Bud Light Lime Straw-ber-rita In Cans - 4-16 FZ
960497991,Bud Light Mango Beer - 25 Fl. Oz.
970126268,Bud Light NEXT Beer Light Beer Bottles - 6-12 Fl. Oz.
26322039,Bud Light NEXT Lager American Beer 12 fl oz
970057103,Bud Light NEXT Zero Carbs American Lager Beer in Cans - 12 - 12 Fl. Oz.
960434128,Bud Light Next Light Beer In Cans - 6-12 Fl. Oz.
960324244,Bud Light Orange Beer Bottles - 12-12 Fl. Oz.
960324243,Bud Light Orange Beer Bottles - 6-12 Fl. Oz.
960305962,Bud Light Platinum 6% ABV Beer In Slim Cans - 18-12 Fl. Oz.
45062,Bud Light Platinum American Lager Beer 12 fl oz
960062684,Bud Light Platinum American Lager Beer in Bottles - 12 - 12 Fl. Oz.
960062722,Bud Light Platinum American Lager Beer in Bottles - 6 - 12 Fl. Oz.
960083839,Bud Light Platinum American Lager Beer in Cans - 12 - 12 Fl. Oz.
45112,Bud Light Platinum Beer 6 Pack
960145473,Bud Light Platinum Beer Can - 25 Fl. Oz.
960075837,Bud Light Platinum Bottles - 18-12 Fl. Oz.
b99b7368-0f62-5f18-9461-29e134cc4c82,"Bud Light Premium Lager Beer, Lime (6 x 12 fl oz)"
df9e80c4-8915-574f-a542-8d0544ba9063,Budweiser 25oz Can
960144849,Budweiser 5% ABV Beer In Cans - 12-8 Fl. Oz.
960196876,Budweiser 5% ABV Beer In Cans - 15-16 Fl. Oz.
0001820011168,Budweiser American Lager Beer
0001820011047,Budweiser American Lager Beer
0001820000018,Budweiser American Lager Beer
0001820020128,Budweiser American Lager Beer
0001820097008,Budweiser American Lager Beer
0001820011218,Budweiser American Lager Beer
0001820008981,Budweiser American Lager Beer
0001820000834,Budweiser American Lager Beer
0001820000771,Budweiser American Lager Beer
0001820000473,Budweiser American Lager Beer
0001820025000,Budweiser American Lager Beer
0001820011308,Budweiser American Lager Beer
9587aa8c-8d8b-5bbe-97ef-e27760d2d526,Budweiser American Lager Beer (12 x 12 fl oz)
cb37a2b3-1074-5394-abe9-1b7caf5abb30,Budweiser American Lager Beer (3 x 25 fl oz)
8bcf0d44-2557-501b-a13e-34829a93177d,Budweiser American Lager Beer (6 x 12 fl oz)
16306362,"Budweiser American Lager Beer 12 Pack, 12 Fl Oz Bottles 12 fl oz"
19252310,"Budweiser American Lager Beer 12 Pack, 16 Fl Oz Cans 16 fl oz"
95172,Budweiser American Lager Beer 12 fl oz
16306362,Budweiser American Lager Beer 12 fl oz
45118,Budweiser American Lager Beer 12 fl oz
34635032,Budweiser American Lager Beer 12 fl oz
10984472,Budweiser American Lager Beer 12 pack 12 fl oz Aluminum Cans 5% ABV
10984456,Budweiser American Lager Beer 12 pack 12 fl oz Glass Bottles 5% ABV
47064314,Budweiser American Lager Beer 12 pack 16 fl oz Aluminum Bottles 5% ABV
76826,Budweiser American Lager Beer 12 pk Bottles 12 oz
45067,"Budweiser American Lager Beer 15 Pack, 16 Fl Oz Aluminum Bottles 16 fl oz"
P1820096539,"Budweiser American Lager Beer 15 Pack, 16 fl oz Aluminum Bottles"
100334,Budweiser American Lager Beer 16 fl oz
10984474,Budweiser American Lager Beer 18 pack 12 fl oz Aluminum Cans 5% ABV
10984470,Budweiser American Lager Beer 20 Pack 12 fl oz Glass Bottles 5% ABV
10984473,Budweiser American Lager Beer 24 pack 12 fl oz Aluminum Cans 5% ABV
15561369,Budweiser American Lager Beer 24 pack 12 fl oz Glass Bottles 5% ABV
76905,Budweiser American Lager Beer 24 pk Cans 12 oz
100314,Budweiser American Lager Beer 25 Fl Oz Can 25 fl oz
27465094,Budweiser American Lager Beer 25 fl oz 1 Aluminum Can 5% ABV
27465091,Budweiser American Lager Beer 3 pack 25 fl oz Aluminum Cans 5% ABV
1729946,Budweiser American Lager Beer 3 pk Cans 25 oz
10984471,Budweiser American Lager Beer 30 pack 12 fl oz Aluminum Cans 5% ABV
15561370,Budweiser American Lager Beer 36 pack 12 fl oz Aluminum Cans 5% ABV
10984460,Budweiser American Lager Beer 6 pack 12 fl oz Glass Bottles 5% ABV
15718149,Budweiser American Lager Beer 6 pack 16 fl oz Aluminum Cans 5% ABV
1729861,Budweiser American Lager Beer Can 25 oz
970461308,Budweiser American Lager Beer in Bottle - 12 Fl. Oz.
189010270,Budweiser American Lager Beer in Bottles - 12 - 12 Fl. Oz.
189010645,Budweiser American Lager Beer in Bottles - 18 - 12 Fl. Oz.
289013302,Budweiser American Lager Beer in Bottles - 20 - 12 Fl. Oz.
189010027,Budweiser American Lager Beer in Bottles - 24 - 12 Fl. Oz.
189010386,Budweiser American Lager Beer in Bottles - 6 - 12 Fl. Oz.
960088305,Budweiser American Lager Beer in Can - 25 Fl. Oz.
189010279,Budweiser American Lager Beer in Cans - 12 - 12 Fl. Oz.
960464920,Budweiser American Lager Beer in Cans - 12 - 16 Fl. Oz.
189010167,Budweiser American Lager Beer in Cans - 18 - 12 Fl. Oz.
289012073,Budweiser American Lager Beer in Cans - 24 - 12 Fl. Oz.
960173956,Budweiser American Lager Beer in Cans - 24 - 16 Fl. Oz.
189012036,Budweiser American Lager Beer in Cans - 30 - 12 Fl. Oz.
189010365,Budweiser American Lager Beer in Cans - 6 - 12 Fl. Oz.
189010594,Budweiser American Lager Beer in Cans - 6 - 16 Fl. Oz.
29901-3,Budweiser American Lager Beer-1/2 Keg
29900-3,Budweiser American Lager Beer-1/4 Keg
29903-3,Budweiser American Lager Beer-1/6 Keg
29195-2,Budweiser American Lager Beer-12-16ozAlmBtl
29088-2,Budweiser American Lager Beer-12-7.5oz cans
29115-2,Budweiser American Lager Beer-12pk-10oz Cans
29127-2,Budweiser American Lager Beer-12pk-12oz Btls
29122-2,Budweiser American Lager Beer-12pk-12oz Cans
29500-2,Budweiser American Lager Beer-12pk-16oz Cans
29151-3,Budweiser American Lager Beer-15-16oz AlmBtls
108805143-2,Budweiser American Lager Beer-15pk-12oz Cans
29135-3,Budweiser American Lager Beer-18-12oz Btls
29119-3,Budweiser American Lager Beer-18-12oz Cans
29158-3,Budweiser American Lager Beer-18-16oz Cans
29136-3,Budweiser American Lager Beer-20-12oz Btls
29120-3,Budweiser American Lager Beer-20-12oz Cans
29151198-3,Budweiser American Lager Beer-20-16ozAlmBtl
29110-3,Budweiser American Lager Beer-24-10oz Can
29128-3,Budweiser American Lager Beer-24-12oz Btls
29123-3,Budweiser American Lager Beer-24-12oz Cans
29171-3,Budweiser American Lager Beer-24-16oz Cans
29245-2,Budweiser American Lager Beer-24oz Can - 3 pack
29224-1,Budweiser American Lager Beer-25oz Can
29124-3,Budweiser American Lager Beer-30-12oz Cans
29125-3,Budweiser American Lager Beer-36-12oz Cans
29126-2,Budweiser American Lager Beer-6pk-12oz Btls
29163-2,Budweiser American Lager Beer-6pk-16oz Cans
29861-2,Budweiser American Lager Beer-8pk-16oz AlmBtls
291904-2,Budweiser American Lager Beer-8pk-16oz Cans
29216-2,Budweiser American Lager Beer-Pack
39093370472,Budweiser American Lager Bottles
15233780978,Budweiser American Lager Can
30953732784,Budweiser American Lager Can
9076923376,Budweiser American Lager Cans
cd074c07-5387-5701-afa3-dc2f9ef9d8f7,Budweiser American Style Lager Beer (12 x 12 fl oz)
259d685e-54d4-5ca5-8ef7-7930b1d28e6d,Budweiser American Style Lager Beer (25 fl oz)
60472616-a33d-578a-bc11-7462b9b4e9e7,Budweiser American-Style Beer (25 fl oz)
baaf462b-c082-5454-85da-178eb95ee2da,Budweiser American-Style Lager Beer (15 x 12 fl oz)
77f8da48-dd4c-5d49-a3cd-b3795042ac1c,Budweiser American-Style Lager Beer (18 x 12 fl oz)
189010719,Budweiser Beer Bottle - 40 Fl. Oz.
45118,Budweiser Beer Bottles
960144552,Budweiser Beer Bottles - 12-16 Fl. Oz.
95169,Budweiser Beer Bottles - 24 x 12 fl oz
16306364,Budweiser Beer Cans - 12 x 12 fl oz
95172,Budweiser Beer Cans - 24 x 12 fl oz
93216712,Budweiser Beer Holiday Pint Glasses 532 ml
960173935,Budweiser Beer In Bottle - 32 Fl. Oz.
960144083,Budweiser Beer In Bottles - 20-16 Fl. Oz.
960056824,Budweiser Beer In Cans - 20-12 Fl. Oz.
960044392,Budweiser Beer In Cans - 8-16 Fl. Oz.
66a8c4d5-8550-5b63-ba0e-5fbe455e72b2,Budweiser Beer Lager (36 x 12 fl oz)
816646030,"Budweiser Beer, 12 Pack 16 fl. oz. Aluminum Cans, 5% ABV, Domestic Lager"
22563306,"Budweiser Beer, 12 Pack 8 fl. oz. Cans, 5.0% ABV, Domestic"
19500058,"Budweiser Beer, 15 Pack 16 fl. oz. Aluminum Bottles, 5% ABV, Domestic Lager, 5.0% ABV"
153760167,"Budweiser Beer, 15 Pack 16 fl. oz. Aluminum Cans, 5.0% ABV, Domestic Lager"
19500047,"Budweiser Beer, 15 Pack Beer, 12 fl oz Aluminum Cans, 5 % ABV, Domestic Lager"
22790201,"Budweiser Beer, 18 Pack 16 fl. oz. Aluminum Cans, 5.0% ABV, Domestic Lager"
10984475,"Budweiser Beer, 18 Pack Beer, 12 fl oz Glass Bottles, 5.0% ABV, Domestic Lager"
15610328,"Budweiser Beer, 20 Pack Beer, 12 fl oz Aluminum Cans, 5.0 % ABV, Domestic Lager"
47064312,"Budweiser Beer, 20 Pack Beer, 16 fl oz Glass Bottles, 5% ABV, Domestic Lager"
15610327,"Budweiser Beer, 24 Pack 10 fl. oz. Aluminum Cans, 5.0% ABV, Domestic Lager"
42294354,"Budweiser Beer, 24 Pack 16 fl. oz. Aluminum Cans, 5.0% ABV, Domestic Lager"
22563300,"Budweiser Beer, 4 Pack 16 fl. oz. Aluminum Cans, 5% ABV, Domestic Lager"
15611245,"Budweiser Beer, 40 fl oz 1 Glass Bottle, Domestic Lager, 5% ABV"
20864304,"Budweiser Beer, 6 Pack Beer, 12 fl oz Aluminum Cans, 5 % ABV, Domestic Lager"
19500042,"Budweiser Beer, 8 Pack Beer, 16 fl oz Aluminum Cans, 5.0 % ABV, Domestic Lager"
8943706082,Budweiser Bottle
960088313,Budweiser Chelada Picante Beer Can - 25 Fl. Oz.
0001820025510,Budweiser Chelada Picante Beer Single Can 25 fl oz
227385740-1,Budweiser Chelada Picante-25oz Can
1729915,Budweiser Chelada with Clamato Lager Beer - Original 25 oz
1729923,Budweiser Chelada with Clamato Lager Beer - Picante 25 oz
46870233-1,Budweiser Chelada-25oz Can
8ee9d0d4-519c-5bbf-a1a2-fc9f38e6d675,Budweiser Domestic Lager Beer (30 x 12 fl oz)
4330097083,Budweiser Genuine American Style Lager Cans (12 oz x 12 ct)
960088276,Budweiser Genuine Lager Beer In Cans - 3-25 Fl. Oz.
217965922-1,Budweiser Gift Pack-12oz 6-Pack Bottle Gift
15490901-3,Budweiser Keg-1/2 Keg
f327963e-d2ac-5347-b97d-8d64af4ca863,Budweiser King Of Beer (6 x 12 fl oz)
96c157d0-d33a-50e8-a33b-b57c0b9ff171,Budweiser King Of Beers Domestic Lager Beer (12 x 16 fl oz)
f69a1483-b43f-5567-b3ff-1bbcbceb8015,Budweiser King Of Beers Lager Beer (12 x 16 fl oz)
30953732812,Budweiser King of Beers American Lager Bottles
10107216512,Budweiser King of Beers American Lager Bottles
34122069270,Budweiser King of Beers American Lager Cans
22322650764,Budweiser King of Beers American Lager Cans
ce80ca9b-55b3-5f22-91a3-c2ace50467a1,"Budweiser Lager Beer (12 fl oz, 24 ct)"
2f4f5d7b-4468-55e4-bb3f-210efc5445d5,Budweiser Lager Beer (24 x 12 fl oz)
3f7447f3-b48a-5fe8-b9a4-fb9e006edd18,Budweiser Lager Beer (3 x 25 fl oz)
5e3e6e28-a865-5ff1-9547-de084dfffcbf,Budweiser Lager Beer (30 x 12 fl oz)
c18a8d6d-5be8-502a-8772-5a566c2f8dbd,Budweiser Lager Beer (6 x 16 fl oz)
0001820011030,Budweiser Lager Beer 30 pk / 12 fl oz
15611240,"Budweiser Lager Beer 32 fl oz 1 Glass Bottle, Domestic Lager, 5% ABV"
16306364,Budweiser Lager Beer 6 Pack
0001820096539,Budweiser Lager Beer Aluminum Bottles 15 pk / 16 fl oz
960074656,Budweiser Lager Beer Bottles - 15-16 Fl. Oz.
960507112,Budweiser Lager Beer In Cans - 12-10 Fl. Oz.
960507113,Budweiser Lager Beer In Cans - 24-10 Fl. Oz.
970492848,Budweiser Lager Beer Keg - 15.5 Gallon
4330077062,Budweiser Lager Cans (12 oz x 18 ct)
33469425,Budweiser Lager Domestic Beer 8 Pack 16 fl oz Aluminum Bottles 5.0% ABV
704651894,Budweiser Limited Edition American Lager Cans
30953732821,Budweiser Limited Edition American Lager Cans
960551036,Budweiser Nitro Reserve Gold Lager Cans - 6-12 Fl. Oz.
960088312,Budweiser Original Chelada Can - 25 Fl. Oz.
704651994,Budweiser Premium American Lager Bottles
30953732834,Budweiser Premium American Lager Cans
960173975,Budweiser Select 4.3% ABV Light Beer In Bottles - 18-12 Fl. Oz.
189011049,Budweiser Select 4.3% ABV Light Beer In Bottles - 6-12 Fl. Oz.
189010405,Budweiser Select 4.3% ABV Light Beer In Cans - 30-12 Fl. Oz.
107809122-2,Budweiser Select 55-12pk-12oz Cans
87600901-3,Budweiser Select American Light Beer-1/2 Keg
87600127-2,Budweiser Select American Light Beer-12pk-12oz Btls
87600122-2,Budweiser Select American Light Beer-12pk-12oz Cans
87600135-3,Budweiser Select American Light Beer-18-12oz Btls
87600119-3,Budweiser Select American Light Beer-18-12oz Cans
87600136-3,Budweiser Select American Light Beer-20-12oz Btls
87600151-3,Budweiser Select American Light Beer-20-16ozAlmBtl
87600123-3,Budweiser Select American Light Beer-24-12oz Cans
87600124-3,Budweiser Select American Light Beer-30-12oz Cans
87600126-2,Budweiser Select American Light Beer-6pk-12oz Btls
0001820007986,Budweiser Select Domestic Lager Beer
0001820096671,Budweiser Select Light Beer
960196893,Budweiser Select Light Beer 4.3% ABV In Cans - 24-12 Fl. Oz.
15716429,"Budweiser Select Light Beer, 12 Pack 12 fl. oz. Aluminum Cans, 4.3% ABV, Domestic Lager"
10984468,"Budweiser Select Light Beer, 12 Pack 12 fl. oz. Glass Bottles, 4.3% ABV, Domestic Lager"
19500063,"Budweiser Select Light Beer, 18 Pack 12 fl. oz. Aluminum Cans, 4.3% ABV, Domestic Lager"
16940112,"Budweiser Select Light Beer, 18 Pack 12 fl. oz. Glass Bottles, 4.3% ABV, Domestic Lager"
19500061,"Budweiser Select Light Beer, 20 Pack 12 fl. oz. Glass Bottles, 4.3% ABV, Domestic Lager"
261779868,"Budweiser Select Light Beer, 20 Pack 16 fl. oz. Glass Bottles, 4.3% ABV, Domestic Lager"
16940113,"Budweiser Select Light Beer, 24 Pack 12 fl. oz. Aluminum Cans, 4.3% ABV, Domestic Lager"
16940110,"Budweiser Select Light Beer, 30 Pack 12 fl. oz. Aluminum Cans, 4.3% ABV, Domestic Lager"
15716428,"Budweiser Select Light Beer, 6 Pack 12 fl. oz. Glass Bottles, 4.3% ABV, Domestic Lager"
237034128-3,Budweiser Select Retro Box-24-12oz Btls
970307995,Budweiser Supreme In Cans - 12-12 FZ
344262126-2,Budweiser Supreme-6pk-12oz Btls
29151264-3,Budweiser-24-16oz AlmBtls
2977accc-3792-59d9-9085-1833b1018802,Busch American Lager Beer (25 fl oz)
95152,"Busch American Lager Beer 12 Pack, 12 Fl Oz Cans 12 fl oz"
100421,"Busch American Lager Beer 30 Pack, 12 Fl Oz Cans 12 fl oz"
32122-2,Busch American Lager Beer-12pk-12oz Cans
32119-3,Busch American Lager Beer-18-12oz Cans
32123-3,Busch American Lager Beer-24-12oz Cans
32124-3,Busch American Lager Beer-30-12oz Cans
2b3bb77d-39cd-5448-9dee-761ec5c56fd6,Busch Beer (12 x 12 fl oz)
30953732792,Busch Beer Cans
1366212,Busch Beer Cans 18 x 12 fl oz
45030,"Busch Beer, 30 Pack Beer, 12 Fl Oz Cans 12 fl oz"
19943122-2,Busch Ice American Lager Beer-12pk-12oz Cans
76782,"Busch Light American Lager Beer, 6 pack 16 oz"
30953732793,Busch Premium Beer Cans
1c408494-c210-5ab5-9762-a13ecb519fe9,Carlsberg Danish Pilsner Beer (1.8 fl oz)
07095e7e-a493-5d5c-b6cd-a96d654350a5,Carlsberg Danish Pilsner Beer (6 x 11.2 fl oz)
d65fe929-5471-5848-bb8b-38ececa099ea,Carlsberg Elephant Strong (4 x 16 fl oz)
96490996-878a-58d9-b678-8559daeb7666,Carlsberg Elephant Strong Beer (11.2 fl oz)
89161-2,Carlsberg Elephant-4pk-16oz Cans
89811-2,Carlsberg Elephant-6pk-11oz Btls
9f94f7ed-5501-5e27-aef2-4423493a1c8d,Carlsberg Premium Danish Pilsner Beer (4 x 16.9 fl oz)
87901-3,Carlsberg-1/2 Keg
87161-2,Carlsberg-12pk-16oz Cans
87162-2,Carlsberg-4pk-16oz Cans
87811-2,Carlsberg-6pk-11oz Btls
27465104,Chelada Budweiser Original American Chelada Beer 25 fl oz 1 Aluminum Can 5% ABV
184942608,"Cisco Brewers Whale's Tale Pale Ale Craft Beer, 12 Pack, 12 fl. oz. Cans, 5.6% ABV"
337221122-2,Cisco Cold Wave-12pk-12oz Cans
343229161-2,Cisco Downhill Shredski-4pk-16oz Cans
347959122-2,Cisco Forever New England-12pk-12oz Cans
347958161-2,Cisco Forever New England-4pk-16oz Cans
110999122-2,Cisco Grey Lady-12pk-12oz Cans
2126218279-2,Cisco Grey Lady-4pk-16oz Cans
110999126-2,Cisco Grey Lady-6pk-12oz Btls
204207122-2,Cisco Gripah Grapefruit IPA-12pk-12oz Cans
204206161-2,Cisco Gripah Grapefruit IPA-4pk-16oz Cans
116047122-2,Cisco Pumple Drumkin Ale-12pk-12oz Cans
234700122-2,Cisco Summer Rays Golden Ale-12pk-12oz Cans
234699126-2,Cisco Summer Rays Golden Ale-6pk-12oz Btls
344101122-2,Cisco Summer Variety Pack-12pk-12oz Cans
237065122-2,Cisco Wandering Haze-12pk-12oz Cans
237064161-2,Cisco Wandering Haze-4pk-16oz Cans
110997901-3,Cisco Whales Tale Pale Ale-1/2 Keg
110997903-3,Cisco Whales Tale Pale Ale-1/6 Keg
110997122-2,Cisco Whales Tale Pale Ale-12pk-12oz Cans
110997161-2,Cisco Whales Tale Pale Ale-4pk-16oz Cans
110997126-2,Cisco Whales Tale Pale Ale-6pk-12oz Btls
386750d0-74ef-5f97-bfc6-3bf23a0b5a42,Coors Banquet Lager Beer (30 x 12 fl oz)
a3fffccb-afce-59cc-b314-98387cc0eaf9,Coors Golden Banquet Lager Beer (6 x 12 fl oz)
970508404,Coors Light 25 Oz - 25 FZ
4330097099,Coors Light 6 Pack 12 Can
0007199030103,Coors Light Aluminum Can Beer
868fba98-be95-51d0-b0a7-d4ac384a8fca,Coors Light American Lager Beer (12 fl oz)
02c5c57f-ac78-52b8-a066-bbf9d775fa61,Coors Light American Lager Beer (12 x 12 fl oz)
b5d67e3d-a28e-57e3-94f0-a0af5b9a4315,Coors Light American Lager Beer (24 fl oz)
8de5e95d-f8d3-5499-98d5-8894e46824ff,Coors Light American Lager Beer (36 x 12 oz)
9238948595,Coors Light American Lager Beer Bottles
4310502218,Coors Light American Lager Beer Can
9210307727,Coors Light American Lager Beer Cans
4310502197,Coors Light American Lager Beer Cans
4663562304,Coors Light American Lager Bottles
4702808958,Coors Light American Lager Bottles
4330097084,Coors Light American Lager Cans
9207773547,Coors Light American Lager Cans
0007199030065,Coors Light American Light Lager Beer Single Can
193375,Coors Light American Light Lager Beer Single Can 24 fl oz
4330077060,Coors Light American Light Lager Can (12 oz x 18 ct)
3c008207-a655-55cf-aa52-47c5ae93cd1b,Coors Light American Style Lager Beer (9 x 16 fl oz)
9253989007,Coors Light American Style Lager Cans
289010314,Coors Light American Style Light Lager Beer 4.2% ABV Bottles - 12-12 Fl. Oz.
189011048,Coors Light American Style Light Lager Beer 4.2% ABV Bottles - 20-12 Fl. Oz.
960165525,Coors Light American Style Light Lager Beer 4.2% ABV Cans - 12-16 Fl. Oz.
960213573,Coors Light American Style Light Lager Beer 4.2% ABV Cans - 18-16 Fl. Oz.
960213575,Coors Light American Style Light Lager Beer 4.2% ABV Cans - 24-16 Fl. Oz.
189010869,Coors Light American Style Light Lager Beer 4.2% ABV Cans - 30-12 Fl. Oz.
0007199030078,Coors Light American-style Light Lager Beer
0007199030017,Coors Light American-style Light Lager Beer
0007199031600,Coors Light American-style Light Lager Beer
34637087,Coors Light American-style Light Lager Beer
0007199009528,Coors Light American-style Light Lager Beer
0007199030069,Coors Light American-style Light Lager Beer
0007199032000,Coors Light American-style Light Lager Beer
0007199030005,Coors Light American-style Light Lager Beer
0007199030104,Coors Light American-style Light Lager Beer
0007199000048,Coors Light American-style Light Lager Beer
0007199009527,Coors Light American-style Light Lager Beer
3094419,Coors Light American-style Light Lager Beer 12 fl oz
100429,Coors Light American-style Light Lager Beer 12 fl oz
16714610,Coors Light American-style Light Lager Beer 12 fl oz
49084292,Coors Light American-style Light Lager Beer 12 fl oz
16774198,Coors Light American-style Light Lager Beer 12 fl oz
100298,Coors Light American-style Light Lager Beer 12 fl oz
45026,Coors Light American-style Light Lager Beer 16 fl oz
210504,Coors Light American-style Light Lager Beer 16 fl oz
380,Coors Light American-style Light Lager Beer 16 fl oz
0007199030079,Coors Light American-style Light Lager Beer 24 bottles / 12 fl oz
0007199030030,Coors Light American-style Light Lager Beer 30 cans / 12 fl oz
16930405,Coors Light American-style Light Lager Beer 6 Pack
970492780,Coors Light Beer 1/2 Barrel Keg - 15.5 Gallon
960213572,Coors Light Beer American Style Light Lager 4.2% ABV Bottle - 40 Fl. Oz.
289011849,Coors Light Beer American Style Light Lager 4.2% ABV Bottles - 24-12 Fl. Oz.
960564757,Coors Light Beer American Style Light Lager 4.2% ABV Bottles - 24-16 Fl. Oz.
960510001,Coors Light Beer American Style Light Lager 4.2% ABV Bottles - 6-7 Fl. Oz.
960292927,Coors Light Beer American Style Light Lager 4.2% ABV Cans - 12-8 Fl. Oz.
960051546,Coors Light Beer American Style Light Lager 4.2% ABV Cans - 20-12 Fl. Oz.
960043490,Coors Light Beer American Style Light Lager 4.2% ABV Cans - 3-24 Fl. Oz.
960023832,Coors Light Beer American Style Light Lager 4.2% ABV Cans - 36-12 Fl. Oz.
960183199,Coors Light Beer American Style Light Lager 4.2% ABV Cans - 4-16 Fl. Oz.
289010490,Coors Light Beer American Style Light Lager 4.2% ABV Cans - 6-12 Fl. Oz.
970492823,Coors Light Beer Keg - 7.75 Gallon
e10e05f2-d2c5-5455-b305-5b13ff9f267e,Coors Light Born in the Rockies Beer (18 x 12 fl oz)
838b21e7-00e5-5dca-b6fc-ba71b80b9012,Coors Light Cold As the Rockies Lager Beer (6 x 12 fl oz)
58581f82-ab6c-5166-9fe2-004660365eb2,Coors Light Cold Beer (15 x 16 fl oz)
dc1857f1-ec52-5f4d-9524-b1acd2d1db57,Coors Light Domestic Cold Lager Beer (24 x 12 fl oz)
0126cc9c-3aeb-5e1d-8b71-87b0ab7de7aa,Coors Light Domestic Lager Beer (30 x 0.4 fl oz)
970119534,Coors Light In Bottles - 12-12 FZ
15488901-3,Coors Light Keg-1/2 Keg
2a53dbc0-20b1-5112-bc2f-be9d30ae3d1d,Coors Light Lager Beer (12 oz)
fb67c629-7027-5f62-ae0b-b830a4642559,Coors Light Lager Beer (12 x 16 fl oz)
71adcf25-26ca-51f3-ae8a-ee3a3e500401,Coors Light Lager Beer (6 x 16 fl oz)
960510004,Coors Light Lager Beer Cans 4.2% ABV - 24-8 Fl. Oz.
22089954,"Coors Light Lager Beer, 3 Pack, 24 fl oz Cans"
236684128-3,Coors Light Retro Box-24-12oz Btls
3283901-3,Coors Light-1/2 Keg
3283900-3,Coors Light-1/4 Keg
3283115-2,Coors Light-12pk-10oz Cans
3283127-2,Coors Light-12pk-12oz Btls
3283122-2,Coors Light-12pk-12oz Cans
3283161-2,Coors Light-12pk-16oz Cans
3283082-2,Coors Light-12pk-8oz Cans
3283151-3,Coors Light-15-16oz AlmBtls
3283131-2,Coors Light-15pk-12oz Cans
3283135-3,Coors Light-18-12oz Btls
3283119-3,Coors Light-18-12oz Cans
3283916-3,Coors Light-18-16oz Cans
SKU 3283136-3,Coors Light-20-12oz Btls
3283136-3,Coors Light-20-12oz Btls
3283120-3,Coors Light-20-12oz Cans
328389-3,Coors Light-24-10oz Can
3283128-3,Coors Light-24-12oz Btls
3283123-3,Coors Light-24-12oz Cans
112523165-3,Coors Light-24-16oz AlmBtls
3283164-3,Coors Light-24-16oz Cans
3283084-3,Coors Light-24-8oz Cans
SKU 3283230-1,Coors Light-24oz Can
3283230-1,Coors Light-24oz Can
3283124-3,Coors Light-30-12oz Cans
3283125-3,Coors Light-36-12oz Cans
3283162-2,Coors Light-4pk-16oz Cans
3283126-2,Coors Light-6pk-12oz Btls
3283121-2,Coors Light-6pk-12oz Cans
3283163-2,Coors Light-6pk-16oz Cans
3283076-2,Coors Light-6pk-7oz Btls
3283087-2,Coors Light-6pk-8oz Cans
3283904-2,Coors Light-8pk-16oz Cans
3283820-2,Coors Light-9pk-16oz AlmBtls
1138148215,Corona
344262141,Corona
624707218,Corona
1147988316,Corona
1052764499,Corona 5 ft. round
5142055387,Corona Beer Bottle Bluetooth Beer Bottle Speaker Bluetooth Bottle Speaker Portable Speaker Portable Travel
408210463,Corona Bluetooth Bottle Speaker
766711108,Corona Bluetooth Can Speaker
24882022350,Corona Citrus Cerveza Sunbrew Import Mexican Beer Can
23862003303,Corona Citrus Sunbrew Cerveza Mexican Lager Longneck Bottles
37794280336,Corona Citrus Sunbrew Cerveza Mexican Lager Longneck Bottles
3427099,Corona Extra Coronita Lager Mexican Beer Bottles 12 fl oz
0008066095408,Corona Extra Coronita Mexican Lager Import Beer
45052,Corona Extra Coronita Mexican Lager Import Beer 7 fl oz
2126218259-2,Corona Extra Coronita-12pk-8oz Cans
3363079-3,Corona Extra Coronita-24-7oz Btls
3363076-2,Corona Extra Coronita-6pk-7oz Btls
2126231546-2,Corona Extra Holiday Slim Can-12pk-12oz Cans
13500300521,Corona Extra Import Mexican Lager Bottle
27111901590,Corona Extra Import Mexican Lager Can
4754522962,Corona Extra Import Mexican Lager Can
14622464666,Corona Extra Import Mexican Lager Longneck Bottles
33803623039,Corona Extra Import Mexican Lager Longneck Bottles
10107216513,Corona Extra Imported Beer Cans
cd77ab13-7d96-5327-ac22-a4a157b4911f,Corona Extra Imported Mexican Lager Beer (12 x 12 fl oz)
38715024227,Corona Extra Imported Mexican Lager Longneck Bottles
189010026,Corona Extra Lager Mexican Beer 4.6% ABV Bottle - 12-12 Fl. Oz.
45016,Corona Extra Lager Mexican Beer Bottles - 18 x 12 fl oz
960037185,Corona Extra Lager Mexican Beer Can - 24 Fl. Oz.
970037133,Corona Extra Lager Mexican Beer Cans Multipack 4.6% ABV - 24-12 Fl. Oz.
13e62693-a802-514e-b15b-fa5b23bfa6d5,Corona Extra Mexican Lager Beer (12 x 12 fl oz)
952a7968-04fb-5f44-ae88-00862e4a0c8b,Corona Extra Mexican Lager Beer (12 x 12 fl oz)
d1c9bc2c-77d0-50c7-a289-8a4032eec9cd,Corona Extra Mexican Lager Beer (24 fl oz)
cb18c1b2-93fb-5e84-a0f0-535698ad229e,Corona Extra Mexican Lager Beer (24 fl oz)
cdb1a822-2791-5d9a-9777-205f9eedb605,Corona Extra Mexican Lager Beer (24 fl oz)
735b1001-c5c6-5e68-a35f-94b4f9d998c0,Corona Extra Mexican Lager Beer (24 x 12 fl oz)
d91241f1-969d-5ba3-b485-49076b1ac4cc,Corona Extra Mexican Lager Beer (3 x 24 fl oz)
970508916,Corona Extra Mexican Lager Beer In Cans - 4-16 FZ
P8066095615,"Corona Extra Mexican Lager Beer, 12 pk 12 fl oz Bottles, 4.6% ABV"
P8066095695,"Corona Extra Mexican Lager Beer, 12 pk 12 fl oz Cans, 4.6% ABV"
P8066095680,"Corona Extra Mexican Lager Beer, 18 pk 12 fl oz Bottles, 4.6% ABV"
P8066095643,"Corona Extra Mexican Lager Beer, 24 fl oz Can, 4.6% ABV"
P8066095605,"Corona Extra Mexican Lager Beer, 6 pk 12 fl oz Bottles, 4.6% ABV"
239ea25f-4ef1-503f-80b3-07c2c10c150e,Corona Extra Mexican Lager Beers (18 x 12 fl oz)
4330077040,Corona Extra Mexican Lager Bottles
4330097167,Corona Extra Mexican Lager Bottles
4310502125,Corona Extra Mexican Lager Bottles
24884961636,Corona Extra Mexican Lager Can
0008066095695,Corona Extra Mexican Lager Import Beer
0008066095605,Corona Extra Mexican Lager Import Beer
0008066095641,Corona Extra Mexican Lager Import Beer
0008066095608,Corona Extra Mexican Lager Import Beer
0008066095643,Corona Extra Mexican Lager Import Beer
0008066095680,Corona Extra Mexican Lager Import Beer
0008066095615,Corona Extra Mexican Lager Import Beer
02222e84-19a7-522c-a3ed-cf396b634e01,Corona Extra Mexican Lager Import Beer (6 x 12 fl oz)
6c966777-5d71-570b-9e58-1a6843a7f230,Corona Extra Mexican Lager Import Beer (6 x 12 fl oz)
94b66efc-65a9-5ec4-a5ec-68015a26f809,Corona Extra Mexican Lager Import Beer (6 x 7 fl oz)
45016,Corona Extra Mexican Lager Import Beer 12 fl oz
16752136,Corona Extra Mexican Lager Import Beer 12 fl oz
3428485,Corona Extra Mexican Lager Import Beer 12 fl oz
16643515,Corona Extra Mexican Lager Import Beer 12 fl oz
412,Corona Extra Mexican Lager Import Beer 24 fl oz
412,Corona Extra Mexican Lager Import Beer Bottle 24 fl oz
193507,Corona Extra Mexican Lager Import Beer Can 24 fl oz
30953732658,Corona Extra Mexican Lager Longneck Bottles
704651026,Corona Extra Mexican Lager Longneck Bottles
f4fe7b9b-2052-523b-abdd-f1ee7b21eac2,Corona Extra Mini Lager Beer (24 x 7 fl oz)
aaf9faa7-96db-57f8-8c36-9e0304c6eeda,Corona Extra Mini Lager Beer (24 x 7 fl oz)
30953732659,Corona Extra The Original Import Mexican Lager Longneck Bottles
17388318628,Corona Extra The Original Import Mexican Lager Longneck Bottles
4310502119,Corona Extra The Original Import Mexican Lager Longneck Bottles
3361900-3,Corona Extra-1/4 Keg
3361127-2,Corona Extra-12pk-12oz Btls
3361122-2,Corona Extra-12pk-12oz Cans
106568135-3,Corona Extra-18-12oz Btls
106568218-3,Corona Extra-18-12oz Cans
3361128-3,Corona Extra-24-12oz Btls
106568123-3,Corona Extra-24-12oz Cans
3361241-1,Corona Extra-24oz Can
3361245-2,Corona Extra-24oz Can - 3 pack
3361231-1,Corona Extra-24oz btl
3361161-2,Corona Extra-4pk-16oz Cans
3361126-2,Corona Extra-6pk-12oz Btls
3361121-2,Corona Extra-6pk-12oz Cans
17319969678,Corona Familiar Import Mexican Lager Can
11723268195,Corona Familiar Imported Mexican Lager Bottle
18100450,Corona Familiar Lager Mexican Beer Bottles
b9b17e06-317b-527a-9420-48a186f99b0b,Corona Familiar Mexican Lager Beer (12 x 12 fl oz)
8572c914-56b5-50c8-8f59-159eda2091bd,Corona Familiar Mexican Lager Beer (24 fl oz)
9afdbb3d-d7ab-555c-8a70-24f2366896fe,"Corona Familiar Mexican Lager Beer, Fuller, 1925 (6 x 12 fl oz)"
0003354495053,Corona Familiar Mexican Lager Import Beer
0008066095683,Corona Familiar Mexican Lager Import Beer 32 fl oz
17356298956,Corona Familiar Pale Lager Longneck Bottles
114187127-2,Corona Familiar-12pk-12oz Btls
114187128-3,Corona Familiar-24-12oz Btls
114187230-1,Corona Familiar-24oz Can
114187832-1,Corona Familiar-32oz Btl
114187126-2,Corona Familiar-6pk-12oz Btls
1d7d83fb-bc02-54ff-acc2-e0d26b2244a2,Corona Imported Mexican Lager Beer (12 x 12 fl oz)
7f753723-92fc-500a-8794-7bae1d87ddb8,Corona La Cerveza Mas Fina Mexican Lager Import Beer (24 fl oz)
c5d38122-d8c8-5c61-837e-11123c42611e,"Corona Lager Mexican Beer, 1925 (12 x 12 fl oz)"
e064fb8f-2ce6-59f1-b8eb-54b55a49e412,Corona Light Mexican Lager Beer (12 x 12 fl oz)
P8066095621,"Corona Light Mexican Lager Beer, 12 pk 12 fl oz Cans, 4.0% ABV"
0003354400180,Corona Light Mexican Lager Import Lower Calorie Beer
0008066095625,Corona Light Mexican Lager Import Lower Calorie Beer
0008066095621,Corona Light Mexican Lager Import Lower Calorie Beer
0008066095675,Corona Light Mexican Lager Import Lower Calorie Beer
16694789,Corona Light Mexican Lager Import Lower Calorie Beer 12 fl oz
95256,Corona Light Mexican Lager Import Lower Calorie Beer 12 fl oz
16630934,Corona Light Mexican Lager Import Lower Calorie Beer 12 oz
1261581,"Corona Light Mexican Lager Import Lower Calorie Light Beer, 12 pk 12 oz"
208711,"Corona Light Mexican Lager Import Lower Calorie Light Beer, 12 pk 12 oz"
189010453,Corona Light Mexican Lager Light Beer 4.0% ABV Bottle - 12-12 Fl. Oz.
16694789,Corona Light Mexican Lager Light Beer Bottles
16630934,Corona Light Mexican Lager Light Beer Bottles
26787519,Corona Light Mexican Lager Light Beer Cans
26894119,Corona Light Mexican Lager Light Beer Cans
33596ea2-5922-5452-9d9a-fa0525a7092f,Corona Mexican Lager Beer (12 x 12 fl oz)
38158fd3-4714-54fd-b1a9-a5a1ab558c1c,Corona Mexican Lager Beer (18 x 12 fl oz)
30dd03da-b7cf-57e8-bb4e-ac06d5fbb1c4,Corona Mexican Lager Beer (24 fl oz)
3868e961-7bf2-5c99-863f-8fde2e4699c4,Corona Mexican Lager Beer (6 x 12 fl oz)
0cb78d01-deec-5545-a5e1-0914927bb2de,Corona Mexican Lager Beers (24 x 12 fl oz)
692665947,Corona New Mexico 4 X 2.25-Inch Vinyl Decal Stiker Retro Neon Design
1f586aa8-c9eb-5544-8f76-991809f9c372,Corona Premier Light Beer (12 x 12 fl oz)
P3354495042,"Corona Premier Mexican Lager Beer, 12 pk 12 fl oz Bottles, 4.0% ABV"
P3354495041,"Corona Premier Mexican Lager Beer, 6 pk 12 fl oz Bottles, 4.0% ABV"
0003354400018,Corona Premier Mexican Lager Import Lower Calorie Light Beer
0003354495041,Corona Premier Mexican Lager Import Lower Calorie Light Beer
0003354495044,Corona Premier Mexican Lager Import Lower Calorie Light Beer
0003354495042,Corona Premier Mexican Lager Import Lower Calorie Light Beer
17269803,Corona Premier Mexican Lager Import Lower Calorie Light Beer 12 fl oz
17276085,Corona Premier Mexican Lager Import Lower Calorie Light Beer 12 fl oz
34621991,Corona Premier Mexican Lager Import Lower Calorie Light Beer 12 fl oz
17541827,Corona Premier Mexican Lager Import Lower Calorie* Light Beer 12 fl oz
2f2c1e87-46d9-5d3a-97be-998cda557660,Corona Premier Mexican Lager Light Beer (12 x 12 fl oz)
17269803,Corona Premier Mexican Lager Light Beer Bottles 12 fl oz
19686703,Corona Premier Mexican Lager Light Beer Bottles 12.00 fl oz
24322222,Corona Premier Mexican Lager Light Beer Cans - 18 x 12 fl oz
17276085,Corona Premier Mexican Lager Light Beer Cans 12 fl oz
26299005,Corona Premier Mexican Lager Light Beer Cans 12 fl oz
178303901-3,Corona Premier-1/2 Keg
178303900-3,Corona Premier-1/4 Keg
178303127-2,Corona Premier-12pk-12oz Btls
178303128-2,Corona Premier-12pk-12oz Cans
178303355-3,Corona Premier-18-12oz Btls
178303119-3,Corona Premier-18-12oz Cans
178303123-3,Corona Premier-24-12oz Cans
205029230-1,Corona Premier-24oz Can
178303161-2,Corona Premier-4pk-16oz Cans
178303126-2,Corona Premier-6pk-12oz Btls
970484164,Corona Refresca Guava Hard Tropical Punch 4.5% ABV Can - 24 Fl. Oz.
970062925,Corona Refresca Mas Mango Citrus Spiked Tropical Cocktail Can 8.0% ABV - 24 Fl. Oz.
342095230-1,Corona Refresca Mas Tropical Berry-24oz Can
639b4176-a76e-5a50-be43-2d8e056fb0f6,Corona Sunbrew Citrus Cerveza Beer (6 x 12 fl oz)
2f5b6676-979d-59e5-a65f-dbd1171aa641,Corona Sunbrew Citrus Cerveza Beer (6 x 12 fl oz)
51f6aeaa-6bda-55e5-ae18-613735e3ec2f,Corona Sunbrew Citrus Cerveza Fruit Beer (24 fl oz)
0003354400242,Corona Sunbrew Citrus Cerveza Mexican Import Beer
0003354400238,Corona Sunbrew Citrus Cerveza Mexican Import Beer
63998203,Corona Sunbrew Citrus Cerveza Mexican Import Beer 12 fl oz
48948510,Corona Sunbrew Citrus Cerveza Mexican Import Beer 12 fl oz
48948510,Corona Sunbrew Citrus Cerveza Mexican Import Beer Bottles 12 fl oz
63998203,Corona Sunbrew Citrus Cerveza Mexican Import Beer Bottles 12 fl oz
12789617061,"Corona Sunbrew Citrus Cerveza Mexican Import Beer, 12 Pack 12 fl. oz. Bottles, 4.5% ABV"
3a5cca3a-277e-598b-8db7-e5b02590fcc3,"Corona Sunbrew Citrus Cerveza Mexican Import Beer, Orange- Lime (12 x 12 fl oz)"
24030303696,Corona Sunbrew Citrus Cerveza Mexican Import Lager Longneck Bottles
37983171281,Corona Sunbrew Citrus Cerveza Mexican Import Lager Longneck Bottles
971206759,"Corona Sunbrew Mexican Lager Import Beer, 24 Fl Oz Can, 4.0% Abv - 24 FZ"
2126259585-2,Corona Sunbrew-12pk-12oz Btls
2126259586-1,Corona Sunbrew-24oz Can
2126247365-2,Corona Sunbrew-6pk-12oz Btls
970408142,Corona Tropical Ss Pint 16oz - EA
1355591391,Corona aus Sicht eines Okkultisten
224363750-1,Corona del Valle Cabernet Sauvignon-750ml
224361750-1,Corona del Valle Malbec-750ml
2445473731,Corona durchschreiten
1157892524,Corona und andere Lebensfragen
216648161-2,Crooked Thumb Rule #7 Hurricane Pale Ale-4pk-16oz Cans
199005134-2,DNU Lagunitas Willet Brl Aged Imperial Stout-4pk-12oz Btls
220553126-2,DNU Lagunitas Willettized Coffee Stout-6pk-12oz Btls
36658122-2,DNU Michelob Ultra Pomegranate-12pk-12oz Cans
34732013,Danish National Girls Choir - Corona - Music & Performance - CD
5063444338,De rarissimo praecocis ingenii exemplo Christ. Henr. Heineken Lubecens commentatio: qua viro ... Christ. Henr. Behm ... natalem sexagesimum tertium gratulatur fili [Leather Bound]
5066792346,"Des Lübekischen Dreyjährigen Knabens Christian Henrich Heineken Vorschmak Der Alten, mitlern und neuen Dänischen Geschichte: Aus Denen bewehrtesten Geschichtschrei [Leather Bound]"
122351127-2,Devils Backbone Eight Point IPA-12pk-12oz Btls
122351131-2,Devils Backbone Eight Point IPA-15pk-12oz Cans
122341901-3,Devils Backbone O'Fest Lager-1/2 Keg
122341903-3,Devils Backbone O'Fest Lager-1/6 Keg
2126256994-2,Devils Backbone O'Fest-12pk-12oz Cans
122350901-3,Devils Backbone Vienna Lager-1/2 Keg
122350903-3,Devils Backbone Vienna Lager-1/6 Keg
SKU 122350127-2,Devils Backbone Vienna Lager-12pk-12oz Btls
132115750-1,Domaine Presidente Chateauneuf du Pape Blanc-750ml
2126230161-1,"Domaine de la Presidente Chateauneuf du Pape Nonciature Blanc, 2022-750ml"
0007231133140,Dos Equis Ambar Mexican Lager Beer Bottles
0007231163011,Dos Equis Ambar Mexican Lager Beer Bottles
189010024,Dos Equis Ambar Mexican Lager Beer Bottles - 12-12 Fl. Oz.
570b6fc3-2964-55be-a436-ec1f89fb02d8,Dos Equis Cerveza Especial Lager Beer (12 x 12 fl oz)
15610848,"Dos Equis Mexican Import Lager Beer, 12 pack, 12 fl oz Bottles, 4.2% ABV"
17787436,"Dos Equis Mexican Import Lager Beer, 6 pack, 12 fl oz Bottles, 4.2% ABV"
0007231123012,"Dos Equis Mexican Lager Beer, 12 Pack, 12 fl oz Bottles"
244285,"Dos Equis Mexican Lager Beer, 12 Pack, 12 fl oz Bottles 12 fl oz"
15610849,"Dos Equis Mexican Lager Beer, 24 Pack, 12 fl oz Bottles"
880692310,"Dos Equis Mexican Lager Beer, 4x6 Pack, 7 fl oz Bottles"
0007231163012,"Dos Equis Mexican Lager Beer, 6 Pack, 12 fl oz Bottles"
16566748,"Dos Equis Mexican Lager Beer, 6 Pack, 12 fl oz Bottles 12 oz"
22257668,"Dos Equis Mexican Lager Import Beer, 18 pack, 12 fl oz Bottles"
0085002074014,Duke Cannon Beer Soap Busch Sandalwood - 10OZ
5752070,Duke Cannon Beer Soap Busch Sandalwood - 10OZ
970094262,Duke Cannon Beer Soap Busch Sandalwood - 10OZ
110217901-3,Elysian Bifrost Winter Ale-1/2 Keg
110217903-3,Elysian Bifrost Winter Ale-1/6 Keg
20206451,Elysian Brewing Company Pumpkin Pack 12 x 12 fl oz
970304553,Elysian Contact Haze Hazy IPA Beer - 19.2 Fl. Oz.
960457994,Elysian Dank Dust IPA 6 Pack India Pale Ale Beer Cans - 6-12 Fl. Oz.
970020203,Elysian Dank Dust India Pale Ale Beer Bottle - 12 Fl. Oz.
970463780,Elysian Dank Dust India Pale Ale Beer Bottle - 6-12 Fl. Oz.
970304623,Elysian Full Contact Imperial Hazy IPA Beer - 19.2 Fl. Oz.
970031958,Elysian Full Contact Imperial Hazy IPA Cans - 6-12 Fl. Oz.
2126244311-3,Elysian Hazy 96-1/6 Keg
cb0bdc99-862d-560e-8e8a-2c541c6c9783,Elysian Push Mower Pilsner (12OZ)
960556761,Elysian Rolling Stone Lager In Cans - 6-12 Fl. Oz.
960568525,Elysian Space Dust IPA Beer Can - 19.2 Fl. Oz.
2126269170-1,Elysian Space Dust IPA-6L
133063903-3,Elysian Split Shot-1/6 Keg
343139161-2,Equilibrium Ghost in the Laboratory-4pk-16oz Cans
3960631561,Estrella Jalisco Import Mexican Beer Bottles
220656132-2,Estrella Jalisco Mango Michelada-8pk-12oz Cans
4938552,Estrella Jalisco Mexican Beer 24 pk Bottles 12 oz
47ce7dc3-dce0-57b6-99a9-ae2c57899590,"Estrella Jalisco Mexican Pale Lager Beer (12 pack, 12 fl oz)"
88bccf6c-7e96-5a4c-a4c9-70ef3c8f6913,"Estrella Jalisco Mexican Pale Lager Beer (24 ct, 12 fl oz)"
269833161,"Estrella Jalisco Mix Chelada Pack Mexican Import Beer, 15 Pack Beer, 12 fl oz Cans, 3.5% ABV"
f9321a48-5313-59a1-896b-bfc671ba48eb,Estrella Jalisco Pilsner Beer (12 x 12 fl oz)
24f70cdb-5b93-5262-b999-0309814e89f1,Estrella Jalisco Spicy Pina Michelada Beer (25 fl oz)
227595740-1,Estrella Jalisco Spicy Pina Michelada-25oz Can
SKU 170089126-2,Estrella Jalisco-6pk-12oz Btls
2126261650-2,Estrella Jalisco-6pk-16oz Cans
147524280,Fay Hallam - Corona - Rock - CD
102380903-3,Four Peaks 8th St Ale-1/6 Keg
102285126-2,Four Peaks 8th Street Ale-6pk-12oz Btls
970777393,Four Peaks Bad Birdie In Cans - 15-12FZ
970889368,Four Peaks Bad Birdie In Cans - 19.2 FZ
970773174,Four Peaks Bad Birdie In Cans - 6-12 FZ
2126246900-3,Four Peaks Bad Birdie-1/6 Keg
2126240585-2,Four Peaks Bad Birdie-15pk-12oz Cans
2126240584-1,Four Peaks Bad Birdie-19.2oz Can
2126240586-2,Four Peaks Bad Birdie-6pk-12oz Cans
344073127-2,Four Peaks Bus Load of Hops IPA Variety Pack-12pk-12oz Btls
2126263858-2,Four Peaks Cosmic Daydream-6pk-12oz Btls
178317126-2,Four Peaks Double Knot DIPA-6pk-12oz Btls
242205126-2,Four Peaks Double Pumpkin Porter-6pk-12oz Btls
960465193,Four Peaks Golden Lager Bottles - 6-12 Fl. Oz.
960567078,Four Peaks Golden Lager Cans - 15-12 Fl. Oz.
205203131-2,Four Peaks Golden Lager-15pk-12oz Cans
205439126-2,Four Peaks Golden Lager-6pk-12oz Btls
236608122-2,Four Peaks Hazy IPA-12pk-12oz Cans
236608126-2,Four Peaks Hazy IPA-6pk-12oz Btls
102422901-3,Four Peaks Hop Knot IPA-1/2 Keg
102422903-3,Four Peaks Hop Knot IPA-1/6 Keg
102422127-2,Four Peaks Hop Knot IPA-12pk-12oz Btls
102422131-2,Four Peaks Hop Knot IPA-15pk-12oz Cans
102422163-1,Four Peaks Hop Knot IPA-16oz Can
102422126-2,Four Peaks Hop Knot IPA-6pk-12oz Btls
102422121-2,Four Peaks Hop Knot IPA-6pk-12oz Cans
243353126-2,Four Peaks Imperial Hazy IPA-6pk-12oz Btls
960324466,Four Peaks Kilt Lifter Can - 25 Oz
102284901-3,Four Peaks Kilt Lifter-1/2 Keg
102284903-3,Four Peaks Kilt Lifter-1/6 Keg
102284127-2,Four Peaks Kilt Lifter-12pk-12oz Btls
102284131-2,Four Peaks Kilt Lifter-15pk-12oz Cans
194864678-1,Four Peaks Kilt Lifter-25oz
102284126-2,Four Peaks Kilt Lifter-6pk-12oz Btls
102284121-2,Four Peaks Kilt Lifter-6pk-12oz Cans
343785127-2,Four Peaks Kilty Pleasures-12pk-12oz Btls
218012126-2,Four Peaks Kuhl Beans Vanilla Coffee Porter-6pk-12oz Btls
238150126-2,Four Peaks Masskrug Monsoon-6pk-12oz Btls
960531871,Four Peaks Oktoberfest Vienna Lager Bottles - 6-12 Fl. Oz.
214449126-2,Four Peaks Oktoberfest-6pk-12oz Btls
121339903-3,Four Peaks Peach Ale-1/6 Keg
121339127-2,Four Peaks Peach Ale-12pk-12oz Btls
121339131-2,Four Peaks Peach Ale-15pk-12oz Cans
121339126-2,Four Peaks Peach Ale-6pk-12oz Btls
121339121-2,Four Peaks Peach Ale-6pk-12oz Cans
960292365,Four Peaks Peach Golden Ale Bottles - 6-12 Fl. Oz.
960540534,Four Peaks Peach Golden Ale Cans - 6-12 Fl. Oz.
960552820,Four Peaks Pub Pack In Can - 15-12 Fl. Oz.
227526131-2,Four Peaks Pub Pack-15pk-12oz Cans
136660903-3,Four Peaks Pumpkin Porter-1/6 Keg
136660127-2,Four Peaks Pumpkin Porter-12pk-12oz Btls
136660126-2,Four Peaks Pumpkin Porter-6pk-12oz Btls
960552821,Four Peaks Rattle On Red Ale Cans - 15-12 Fl. Oz.
236473131-2,Four Peaks Rattle On Red Ale-15pk-12oz Cans
231352131-2,Four Peaks Red Bird Lager-15pk-12oz Cans
960118686,Four Peaks Session Tropic Short Hop IPA Bottles - 6-12 Fl. Oz.
332653121-2,Four Peaks Sun Day Lime Hard Seltzer-6pk-12oz Cans
112486903-3,Four Peaks Sunbru-1/6 Keg
112486131-2,Four Peaks Sunbru-15pk-12oz Cans
112486121-2,Four Peaks Sunbru-6pk-12oz Cans
2126213523-2,Four Peaks Tea Shot-6pk-12oz Btls
273654131-2,Four Peaks The Joy Bus Wow Wheat Ale-15pk-12oz Cans
273656126-2,Four Peaks The Joy Bus Wow Wheat Ale-6pk-12oz Btls
960567077,Four Peaks The Joy Bus Wow Wheat Bottles - 12-12 Fl. Oz.
970093447,Four Peaks The Joy Bus Wow Wheat Bottles - 6-12 Fl. Oz.
970105106,Four Peaks The Joy Bus Wow Wheat In Cans - 15-12 Fl. Oz.
2126249893-2,Four Peaks The Joy Bus Wow-12pk-12oz Btls
2126250329-2,Four Peaks The Joy Bus Wow-6pk-12oz Cans
2126241241-1,Four Peaks Tropical Desert Daydream IPA-19oz Can
2126241159-2,Four Peaks Tropical Desert Daydream IPA-6pk-12oz Btls
960514957,Four Peaks Variety Pack In Bottles - 12-12 Oz
2126263584-2,Four Peaks Wow Berry-15pk-12oz Cans
2126263812-2,Four Peaks Wow Berry-6pk-12oz Btls
341392903-3,Four Peaks Wow Wheat-1/6 Keg
189011207,Franziskaner Hefeweizen Bottle - 17 Fl. Oz.
189011817,Franziskaner Hefeweizen Bottles - 6-12 Fl. Oz.
116791132,"Franziskaner Hefeweizen, 6 Pack 12 fl. oz. Bottles, 5% ABV"
704654505,Franziskaner Imported Premium Hefeweizen Weissbier Bottles
d37dda2c-b5c4-5fcf-ba49-2a8733162c93,"Franziskaner Weissbier Premium Munich Imported Beer (6 pack, 12 fl oz)"
2126231621-2,Ghost Hawk Dortsfeld-4pk-16oz Cans
2126221040-2,Ghost Hawk Eradicator-4pk-16oz Cans
2126216693-2,Ghost Hawk Lager-4pk-16oz Cans
351573161-2,Ghost Hawk Ravendark-4pk-16oz Cans
2126224266-2,Ghost Hawk Updraft Maibock-4pk-16oz Cans
970746450,Ghost Rotational Flavor 16fz - 16 FZ
275079164-2,Ghost Town Inhume IPA-4pk-16oz Cans
331772161-2,Ghost Town Rotating Lager-4pk-16oz Cans
348471161-2,Ghost Town Seasonal 1-4pk-16oz Cans
2126228217-2,Ghost Train El Rey Mexican Lager-6pk-12oz Cans
349703121-2,Ghost Train Gulf Coast IPA-6pk-12oz Cans
175513161-2,Ghostfish Lunar Harvest Pumpkin Ale-4pk-16oz Cans
14329167655,Golden Road Belgian White Craft Beer 6 pack 12 fl oz Glass Bottles 5% ABV
2126245506-2,Golden Road Belgian White-12pk-12oz Btls
2126245507-2,Golden Road Belgian White-6pk-12oz Btls
336849562-1,Golden Road Big Hazy Wolf IPA-19oz cans
970490427,Golden Road Brewing Mango Cart Beer In Cans - 12-12 Fl. Oz.
0081062803242,Golden Road Brewing Mango Cart Wheat Ale
16907591,Golden Road Brewing Mango Cart Wheat Ale Craft Beer 12 fl oz
960458345,Golden Road Brewing Mango Cart Wheat Ale In Tall Can - 25 Fl. Oz.
1415530053,"Golden Road Brewing Ride on Craft IPA Variety Pack, Assorted ABV, 12 Pack, 12 fl oz Aluminum Cans, 7.0% ABV"
1262414851,"Golden Road Brewing Street Cart Cerveza, Craft Lager, 6 Pack, 12 fl oz Aluminum Cans, 4.8% ABV"
7b4b61ef-9edd-5e95-89ac-c6ffa8f62170,"Golden Road Brewing Wheat Ale Beer (6 pack, 12 fl oz) (mango cart)"
232354118-2,Golden Road Champango-4pk-12oz Cans
238807121-2,Golden Road Christmas Cart-6pk-12oz Cans
2126219171-2,Golden Road Dodgers Blonde Ale-12pk-12oz Cans
239140122-2,Golden Road Fruit Cart Hard Seltzer Variety Pack-12pk-12oz Cans
0081062803041,Golden Road Fruit Cart Mixer Beer
222854131-2,Golden Road Fruit Cart Mixer-15pk-12oz Cans
960470220,Golden Road Fuit Cart Mixer - 15-12 Fl. Oz.
2126246815-2,Golden Road Get On Board Hazy IPA-6pk-12oz Cans
345398121-2,Golden Road Guava Cart-6pk-12oz Cans
960555110,Golden Road Hazy Heal the Bay IPA Cans - 6-12 Fl. Oz.
960568033,Golden Road Hazy Pup IPA Cans - 6-12 Fl. Oz.
239806121-2,Golden Road Hazy Pup-6pk-12oz Cans
960533112,Golden Road LA Dodgers Blonde Ale Cans - 15-12 Fl. Oz.
0085689500384,Golden Road Mango Cart Beer 6 pk / 12 fl oz
2126245644-2,Golden Road Mango Cart Wheat Ale-12pk-12oz Btls
2126245508-2,Golden Road Mango Cart Wheat Ale-6pk-12oz Btls
178270901-3,Golden Road Mango Cart-1/2 Keg
178270903-3,Golden Road Mango Cart-1/6 Keg
2126217514-2,Golden Road Mango Cart-12pk-12oz Cans
178270131-2,Golden Road Mango Cart-15pk-12oz Cans
178270165-1,Golden Road Mango Cart-25oz Can
SKU 178270121-2,Golden Road Mango Cart-6pk-12oz Cans
178270121-2,Golden Road Mango Cart-6pk-12oz Cans
178270164-2,Golden Road Mango Cart-6pk-16oz Cans
970002502,Golden Road Oktoberfest Bier Cans - 6-12 Fl. Oz.
240171121-2,Golden Road Oktoberfest Bier-6pk-12oz Cans
970033389,Golden Road Passion Wolf Hazy IPA Cans - 6-12 Fl. Oz.
273532121-2,Golden Road Passion Wolf Hazy IPA-6pk-12oz Cans
345406118-2,Golden Road Pina Colada Hard Smoothie-4pk-12oz Cans
208698121-2,Golden Road Pineapple Cart-6pk-12oz Cans
960469658,Golden Road Ride On 10 Hop Hazy IPA In Cans - 19.2 Oz
345448122-2,Golden Road Ride On 10 Hop Hazy IPA-12pk-12oz Cans
345331192-1,Golden Road Ride On 10 Hop Hazy IPA-19oz cans
345447121-2,Golden Road Ride On 10 Hop Hazy IPA-6pk-12oz Cans
2126217409-2,Golden Road Ride On 5 Hop Citrus IPA-6pk-12oz Cans
2126245641-2,Golden Road Ride On IPA Variety Pack-6pk-12oz Cans
200888121-2,Golden Road Ride On IPA-6pk-12oz Cans
2126246989-1,Golden Road Ride On Imperial IPA-19oz cans
351519562-1,Golden Road Ride On Tropical IPA-19oz cans
351520121-2,Golden Road Ride On Tropical IPA-6pk-12oz Cans
351521562-1,Golden Road Ride On West Coast IPA-19oz cans
227597121-2,Golden Road Spicy Mango Cart-6pk-12oz Cans
345408118-2,Golden Road Strawberry Daiquiri Hard Smoothie-4pk-12oz Cans
970491988,Golden Road Street Cart In Cans - 6-12 Fl. Oz.
2126217534-2,Golden Road Street Cart-12pk-12oz Cans
2126217531-1,Golden Road Street Cart-19oz cans
2126217536-2,Golden Road Street Cart-6pk-12oz Cans
698690992,"Golden Road Wheat Ale Mango Cart Beer 25 fl oz 1 Tall Can, 4% ABV"
960533231,Golden Road Whose House Blonde Ale Cans - 15-12 Fl. Oz.
203707121-2,Golden Road Wolf Among The Weeds-6pk-12oz Cans
960255890,Golden Road Wolf Pup Session IPA - 15-12 Fl. Oz.
275494131-2,Goose Island 312 Lemonade Shandy-15pk-12oz Cans
330743121-2,Goose Island 312 Lemonade Shandy-6pk-12oz Cans
342766122-2,Goose Island 312 Shandy Variety-12pk-12oz Cans
121468901-3,Goose Island 312 Urban Wheat-1/2 Keg
121468903-3,Goose Island 312 Urban Wheat-1/6 Keg
121468127-2,Goose Island 312 Urban Wheat-12pk-12oz Btls
121468131-2,Goose Island 312 Urban Wheat-15pk-12oz Cans
121468126-2,Goose Island 312 Urban Wheat-6pk-12oz Btls
0073692011926,Goose Island Beer Co. So-Lo 98 Calorie IPA
11723268194,Goose Island Beer Co. Tropical Hug Imperial IPA Can
960547270,Goose Island Beer Hug IPA Mixed Twelver Cans - 12-12 Fl. Oz.
342773122-2,Goose Island Beer Hug Mixed Pack-12pk-12oz Cans
cb12351b-e5d2-5244-8fef-8fa85f700570,Goose Island Big Juicy Beer Hug Imperial Ipa (6 x 12 fl oz)
2126241188-1,Goose Island Big Juicy Beer Hug-19oz Can
2126241189-2,Goose Island Big Juicy Beer Hug-6pk-12oz Cans
2126256553-1,Goose Island Big Mango Beer Hug-19oz cans
2126256554-2,Goose Island Big Mango Beer Hug-6pk-12oz Cans
2126252530-2,Goose Island Boss Berry-12pk-12oz Cans
2126235947-1,Goose Island Bourbon County Backyard Stout 2023-16.9oz Btl
2126235946-1,Goose Island Bourbon County Bananas Foster Stout 2023-16.9oz Btl
P73692021347,Goose Island Bourbon County Brand Angel's Envy Reserve Stout 16.9z bottle
242278162-1,"Goose Island Bourbon County Brand Blanton's Stout, 2021-16.9oz Btl"
86763632,Goose Island Bourbon County Brand Chocolate Praline Stout 16.9 fl oz
351959162-1,"Goose Island Bourbon County Brand Coffee Stout, 2022-16.9oz Btl"
242279162-1,"Goose Island Bourbon County Brand Fourteen Stout, 2021-16.9oz Btl"
351958162-1,"Goose Island Bourbon County Brand Sir Isaac's Stout, 2022-16.9oz Btl"
190254171-1,"Goose Island Bourbon County Brand Stout, 2017-16.9oz Btl"
270749162-1,"Goose Island Bourbon County Brand Stout, 2020-16.9oz Btl"
106001162-1,"Goose Island Bourbon County Brand Stout, 2021-16.9oz Btl"
137589903-3,Goose Island Bourbon County Brand Stout-1/6 Keg
242281162-1,"Goose Island Bourbon County Cherry Wood Stout, 2021-16.9oz Btl"
242283162-1,"Goose Island Bourbon County Classic Cola Stout, 2021-16.9oz Btl"